{"cameraMode":{"drawMode":0,"name":"Shaded","section":"Shading Mode"},"sceneLighting":false,"audioPlay":false,"sceneViewState":{"showFog":true,"showMaterialUpdate":false,"showSkybox":true,"showFlares":true,"showImageEffects":true,"showParticleSystems":true},"in2DMode":false,"pivot":{"x":-3.356887102127075,"y":3.175689220428467,"z":10.585254669189454},"rotation":{"x":-0.5873737335205078,"y":0.06727959960699082,"z":-0.04914995655417442,"w":-0.8050811886787415},"size":24.911500930786134,"orthographic":false}