{"cameraMode":{"drawMode":0,"name":"Shaded","section":"Shading Mode"},"sceneLighting":false,"audioPlay":false,"sceneViewState":{"showFog":true,"showMaterialUpdate":false,"showSkybox":true,"showFlares":true,"showImageEffects":true,"showParticleSystems":true},"in2DMode":false,"pivot":{"x":-0.16169270873069764,"y":0.6902467608451843,"z":7.723878383636475},"rotation":{"x":-0.33740299940109255,"y":0.3035070598125458,"z":-0.1160057857632637,"w":-0.8835601210594177},"size":3.7856123447418215,"orthographic":false}