{"cameraMode":{"drawMode":0,"name":"Shaded","section":"Shading Mode"},"sceneLighting":false,"audioPlay":false,"sceneViewState":{"showFog":true,"showMaterialUpdate":false,"showSkybox":true,"showFlares":true,"showImageEffects":true,"showParticleSystems":true},"in2DMode":false,"pivot":{"x":0.3679567575454712,"y":1.9414165019989014,"z":9.026389122009278},"rotation":{"x":0.6592457294464111,"y":-0.025872042402625085,"z":0.02282145991921425,"w":0.7511815428733826},"size":37.507049560546878,"orthographic":false}